INSERT INTO Client (name, email, phone) VALUES
('João Silva', 'joao.silva@email.com', '34999990001'),
('Maria Oliveira', 'maria.oliveira@email.com', '34999990002'),
('Carlos Souza', 'carlos.souza@email.com', '34999990003'),
('Ana Lima', 'ana.lima@email.com', '34999990004'),
('Pedro Martins', 'pedro.martins@email.com', '34999990005'),
('Lucas Ferreira', 'lucas.ferreira@email.com', '34999990006'),
('Beatriz Almeida', 'beatriz.almeida@email.com', '34999990007'),
('Rafael Costa', 'rafael.costa@email.com', '34999990008'),
('Camila Rocha', 'camila.rocha@email.com', '34999990009'),
('Gustavo Mendes', 'gustavo.mendes@email.com', '34999990010'),
('Fernanda Souza', 'fernanda.souza@email.com', '34999990011'),
('Thiago Martins', 'thiago.martins@email.com', '34999990012'),
('Juliana Pereira', 'juliana.pereira@email.com', '34999990013'),
('Bruno Carvalho', 'bruno.carvalho@email.com', '34999990014'),
('Larissa Gomes', 'larissa.gomes@email.com', '34999990015');

INSERT INTO Product (name, description, price, available) VALUES
('X-Burger', 'Hamburguer com queijo', 18.90, true),
('X-Salada', 'Hamburguer com queijo e salada', 20.50, true),
('Batata Frita', 'Porcao media de batata frita', 12.00, true),
('Refrigerante Lata', 'Refrigerante 350ml', 6.50, true),
('Milk Shake', 'Milk shake de chocolate 400ml', 15.00, false),
('X-Bacon', 'Hamburguer com queijo e bacon', 22.00, true),
('X-Tudo', 'Hamburguer completo com bacon, ovo e salada', 28.50, true),
('Suco Natural', 'Suco natural de laranja 300ml', 8.00, true),
('Agua Mineral', 'Agua mineral sem gas 500ml', 4.00, true),
('Combo Kids', 'Mini hamburguer com batata e suco', 19.90, true),
('Hot Dog', 'Cachorro-quente completo', 14.50, true),
('Onion Rings', 'Porcao de onion rings', 13.50, true),
('Pizza Broto', 'Pizza broto de mussarela', 26.00, true),
('Cafe Gelado', 'Cafe gelado cremoso 300ml', 9.50, true),
('Brownie', 'Brownie de chocolate', 7.50, true);

INSERT INTO full_order (client_id, status, total_value) VALUES
(1, 'RECEBIDO', 18.90),
(2, 'PREPARANDO', 20.50),
(3, 'SAIU_PARA_ENTREGA', 12.00),
(4, 'ENTREGUE', 13.00),
(5, 'CANCELADO', 30.00),
(6, 'RECEBIDO', 22.00),
(7, 'PREPARANDO', 28.50),
(8, 'SAIU_PARA_ENTREGA', 16.00),
(9, 'ENTREGUE', 4.00),
(10, 'CANCELADO', 39.80),
(11, 'RECEBIDO', 14.50),
(12, 'PREPARANDO', 27.00),
(13, 'SAIU_PARA_ENTREGA', 26.00),
(14, 'ENTREGUE', 19.00),
(15, 'RECEBIDO', 22.50);

INSERT INTO items_order (full_order_id, product_id, quantity, unity_price) VALUES
(1, 1, 1, 18.90),
(2, 2, 1, 20.50),
(3, 3, 1, 12.00),
(4, 4, 2, 6.50),
(5, 5, 2, 15.00),
(6, 6, 1, 22.00),
(7, 7, 1, 28.50),
(8, 8, 2, 8.00),
(9, 9, 1, 4.00),
(10, 10, 2, 19.90),
(11, 11, 1, 14.50),
(12, 12, 2, 13.50),
(13, 13, 1, 26.00),
(14, 14, 2, 9.50),
(15, 15, 3, 7.50);